collection_month,duration_bucket,total_policies,renewed_policies,total_premium,renewed_premium,renewal_rate
2021-04,11-15 Years,611,516,92126144000,77627902000,84.45171849427169
2021-04,16-20 Years,520,448,85752788600,74590895300,86.15384615384616
2021-04,21-25 Years,215,185,39280474200,33907388300,86.04651162790698
2021-04,5-10 Years,739,601,101512779200,82756663400,81.32611637347767
2021-05,11-15 Years,676,580,99879606700,85731894100,85.79881656804734
2021-05,16-20 Years,520,449,85208394200,74332483700,86.34615384615385
2021-05,21-25 Years,205,180,36865442600,32451180700,87.8048780487805
2021-05,5-10 Years,721,605,98781337300,82972988200,83.91123439667129
2021-06,11-15 Years,653,566,99692993100,86604722600,86.67687595712098
2021-06,16-20 Years,502,432,79811988700,68841447300,86.05577689243027
2021-06,21-25 Years,209,182,37043871000,32349603500,87.08133971291866
2021-06,5-10 Years,735,613,100966899500,84802054900,83.40136054421768
2021-07,11-15 Years,649,556,95626153800,82143576400,85.67026194144837
2021-07,16-20 Years,526,453,83470075000,72543948600,86.12167300380229
2021-07,21-25 Years,225,200,40902958100,36307576200,88.88888888888889
2021-07,5-10 Years,747,626,102607704400,85389870700,83.80187416331995
2021-08,11-15 Years,646,553,96429013300,82470577000,85.60371517027863
2021-08,16-20 Years,520,461,84263423000,75164162300,88.65384615384615
2021-08,21-25 Years,236,198,42312147900,35513193800,83.89830508474576
2021-08,5-10 Years,727,628,99738751200,86475240300,86.38239339752407
2021-09,11-15 Years,648,538,99533631200,83270952500,83.0246913580247
2021-09,16-20 Years,533,460,88163603600,76770505000,86.30393996247655
2021-09,21-25 Years,194,164,33901786800,28527471100,84.5360824742268
2021-09,5-10 Years,664,558,89502663000,75147871000,84.03614457831326
2021-10,11-15 Years,609,514,90459394200,76505451200,84.40065681444992
2021-10,16-20 Years,503,416,80595422200,66811401400,82.7037773359841
2021-10,21-25 Years,224,192,39157118300,33384030900,85.71428571428571
2021-10,5-10 Years,761,622,102942967200,84752854400,81.73455978975032
2021-11,11-15 Years,595,512,86489364400,74453701500,86.05042016806723
2021-11,16-20 Years,511,461,82872643000,74676037600,90.21526418786692
2021-11,21-25 Years,198,174,34690461100,30547004000,87.87878787878788
2021-11,5-10 Years,723,593,98681518600,80233413800,82.01936376210234
2021-12,11-15 Years,641,554,95895377200,82954048200,86.42745709828394
2021-12,16-20 Years,511,450,84273150200,74939000200,88.06262230919765
2021-12,21-25 Years,207,180,36084313400,31466158400,86.95652173913044
2021-12,5-10 Years,759,637,102209872400,85868128500,83.9262187088274
2022-01,11-15 Years,653,555,96157912000,82445906300,84.99234303215927
2022-01,16-20 Years,531,450,86961927700,73918194600,84.7457627118644
2022-01,21-25 Years,202,177,36834250600,32203546200,87.62376237623762
2022-01,5-10 Years,698,600,95430939700,82641459100,85.95988538681948
2022-02,11-15 Years,599,515,87984623800,74893556400,85.97662771285476
2022-02,16-20 Years,472,400,78262650300,66835568700,84.7457627118644
2022-02,21-25 Years,209,177,38528511900,32202830300,84.688995215311
2022-02,5-10 Years,660,547,90094886900,75796913700,82.87878787878788
2022-03,11-15 Years,648,533,95368611900,78421652600,82.25308641975309
2022-03,16-20 Years,526,457,86205993000,74681770200,86.88212927756655
2022-03,21-25 Years,212,179,37870642100,31658037600,84.43396226415094
2022-03,5-10 Years,727,636,100036017500,87464620200,87.4828060522696
2022-04,11-15 Years,634,531,102782925000,86531054200,83.75394321766562
2022-04,16-20 Years,488,427,86111188400,76047407500,87.5
2022-04,21-25 Years,217,174,42238706500,33761461500,80.18433179723502
2022-04,5-10 Years,750,614,111797504200,92149752100,81.86666666666666
2022-05,11-15 Years,652,554,105478232000,89517761000,84.96932515337423
2022-05,16-20 Years,561,507,98575368200,89539325000,90.37433155080214
2022-05,21-25 Years,202,180,38792313200,34691785900,89.10891089108911
2022-05,5-10 Years,808,688,120268361000,102471039200,85.14851485148515
2022-06,11-15 Years,582,498,95051466700,81509462500,85.56701030927834
2022-06,16-20 Years,502,449,87929526300,78475715200,89.44223107569721
2022-06,21-25 Years,184,161,35465239900,31181200400,87.5
2022-06,5-10 Years,800,680,119288223400,101632897900,85.0
2022-07,11-15 Years,630,537,100305044000,85812679100,85.23809523809524
2022-07,16-20 Years,531,457,93738002700,81424887100,86.06403013182674
2022-07,21-25 Years,207,185,41680090200,37388534700,89.3719806763285
2022-07,5-10 Years,727,626,108847894700,93026629400,86.10729023383769
2022-08,11-15 Years,661,574,105598042800,92120287400,86.83812405446294
2022-08,16-20 Years,564,472,99129920200,83862378700,83.68794326241135
2022-08,21-25 Years,207,176,41356317000,34555646200,85.02415458937197
2022-08,5-10 Years,765,666,112342713600,98634835900,87.05882352941177
2022-09,11-15 Years,663,553,108069491000,89796738300,83.40874811463047
2022-09,16-20 Years,519,439,93641079000,79256902000,84.58574181117534
2022-09,21-25 Years,228,193,45950010900,39335110900,84.64912280701753
2022-09,5-10 Years,730,620,110399329100,94043964800,84.93150684931507
2022-10,11-15 Years,628,507,101445878400,82076275200,80.73248407643312
2022-10,16-20 Years,483,421,87071745600,76866170800,87.16356107660455
2022-10,21-25 Years,205,178,38879124200,33876136500,86.82926829268293
2022-10,5-10 Years,736,609,110038106200,90705278900,82.74456521739131
2022-11,11-15 Years,623,529,103063503600,87488106100,84.91171749598716
2022-11,16-20 Years,544,467,95627397000,82500705400,85.84558823529412
2022-11,21-25 Years,197,169,37583981400,32405322700,85.78680203045685
2022-11,5-10 Years,698,600,103212839500,88620286500,85.95988538681948
2022-12,11-15 Years,617,535,99620724800,86980253500,86.709886547812
2022-12,16-20 Years,521,457,92590887600,80708886200,87.71593090211132
2022-12,21-25 Years,218,189,42954710900,37714801700,86.69724770642202
2022-12,5-10 Years,729,628,110250717100,96357860100,86.14540466392319
2023-01,11-15 Years,594,503,95742362600,81326130100,84.68013468013467
2023-01,16-20 Years,538,467,96254219600,83618633900,86.80297397769516
2023-01,21-25 Years,223,195,44482430400,38908483200,87.4439461883408
2023-01,5-10 Years,729,615,109342085800,92384620000,84.36213991769547
2023-02,11-15 Years,566,479,91215127700,77375784800,84.62897526501767
2023-02,16-20 Years,462,409,82483159300,73738874700,88.52813852813853
2023-02,21-25 Years,193,172,36755144700,32216591800,89.11917098445595
2023-02,5-10 Years,674,547,99723034300,81852900600,81.15727002967358
2023-03,11-15 Years,588,493,93004051700,78934619400,83.84353741496598
2023-03,16-20 Years,509,437,89649598700,77333839400,85.85461689587426
2023-03,21-25 Years,223,201,43239496600,38630276900,90.13452914798206
2023-03,5-10 Years,690,591,103714182300,88853529500,85.65217391304348
2023-04,11-15 Years,601,501,106291016000,88342668400,83.36106489184692
2023-04,16-20 Years,486,431,96875067600,86116580600,88.68312757201646
2023-04,21-25 Years,200,168,43219812900,36691946900,84.0
2023-04,5-10 Years,763,630,122934718200,101838051400,82.56880733944955
2023-05,11-15 Years,656,538,117178696500,95788246000,82.01219512195121
2023-05,16-20 Years,494,428,95809736800,82569034700,86.63967611336032
2023-05,21-25 Years,186,155,40398241900,34133757100,83.33333333333334
2023-05,5-10 Years,768,651,123114184800,104907040600,84.765625
2023-06,11-15 Years,597,505,106527512800,89652522600,84.58961474036852
2023-06,16-20 Years,521,455,100370036600,87206323300,87.3320537428023
2023-06,21-25 Years,218,181,47815023200,40442882800,83.02752293577981
2023-06,5-10 Years,739,610,119479642900,99892533900,82.54397834912042
2023-07,11-15 Years,608,514,107364458700,91519611000,84.53947368421053
2023-07,16-20 Years,556,480,108953213300,93868988100,86.33093525179856
2023-07,21-25 Years,218,199,46834778200,42774190400,91.28440366972477
2023-07,5-10 Years,753,643,123114273900,105545344200,85.3917662682603
2023-08,11-15 Years,636,525,112871842300,92650649500,82.54716981132076
2023-08,16-20 Years,499,425,97516361900,83500932300,85.17034068136272
2023-08,21-25 Years,225,196,49008590600,42884360700,87.1111111111111
2023-08,5-10 Years,686,566,112526291400,92482564400,82.5072886297376
2023-09,11-15 Years,616,523,109483574000,93429264200,84.90259740259741
2023-09,16-20 Years,491,435,95154124200,84332428700,88.59470468431772
2023-09,21-25 Years,201,180,42122600300,37887954100,89.55223880597015
2023-09,5-10 Years,745,627,125061812200,105172922400,84.16107382550335
2023-10,11-15 Years,659,548,116314042500,96611438800,83.15629742033383
2023-10,16-20 Years,532,470,102221246100,90805655500,88.34586466165413
2023-10,21-25 Years,193,165,38796030900,33810289200,85.49222797927462
2023-10,5-10 Years,745,631,121128700800,102690055700,84.69798657718121
2023-11,11-15 Years,622,525,108497261400,92599673300,84.40514469453376
2023-11,16-20 Years,547,475,107777414100,93337506000,86.83729433272394
2023-11,21-25 Years,199,178,43633383500,39138365100,89.44723618090453
2023-11,5-10 Years,740,633,120060038400,103320787500,85.54054054054055
2023-12,11-15 Years,660,557,118042932700,100850923700,84.3939393939394
2023-12,16-20 Years,528,457,102150695300,88232441400,86.5530303030303
2023-12,21-25 Years,218,193,44917254900,40073196100,88.53211009174312
2023-12,5-10 Years,695,594,114575536600,98180802700,85.46762589928058
2024-01,11-15 Years,608,524,109024561200,94267094100,86.18421052631578
2024-01,16-20 Years,555,484,108258640100,95837592100,87.2072072072072
2024-01,21-25 Years,188,163,41380360800,36327985500,86.70212765957447
2024-01,5-10 Years,700,590,113780082100,96224738500,84.28571428571429
2024-02,11-15 Years,619,520,110937604500,93948304500,84.00646203554119
2024-02,16-20 Years,489,416,94154314700,81179969200,85.07157464212679
2024-02,21-25 Years,193,164,43798708100,36888092300,84.97409326424871
2024-02,5-10 Years,721,615,118488297600,101653287500,85.29819694868237
2024-03,11-15 Years,614,511,107176852400,89892083500,83.22475570032573
2024-03,16-20 Years,566,467,109464898800,90121830600,82.50883392226149
2024-03,21-25 Years,234,208,51152005400,44547957600,88.88888888888889
2024-03,5-10 Years,712,604,119483725900,101518712200,84.8314606741573
2024-04,11-15 Years,617,526,119920797200,101352563600,85.25121555915722
2024-04,16-20 Years,531,462,111475426900,97470878800,87.00564971751412
2024-04,21-25 Years,195,169,44183702400,38862389400,86.66666666666667
2024-04,5-10 Years,765,652,132882347500,113560147100,85.22875816993464
2024-05,11-15 Years,619,511,119685891500,98913466500,82.55250403877221
2024-05,16-20 Years,506,426,108801698400,92092444800,84.18972332015811
2024-05,21-25 Years,184,169,41758949000,38534199400,91.84782608695652
2024-05,5-10 Years,725,603,128921547300,107389960500,83.17241379310344
2024-06,11-15 Years,593,519,113859043400,99784345200,87.52107925801012
2024-06,16-20 Years,502,436,106899137400,92967538600,86.85258964143426
2024-06,21-25 Years,198,169,47407692600,40938165000,85.35353535353535
2024-06,5-10 Years,718,612,128271908000,109921864800,85.23676880222841
2024-07,11-15 Years,659,561,124656112000,106366657400,85.12898330804249
2024-07,16-20 Years,546,473,115690280100,100776787100,86.63003663003663
2024-07,21-25 Years,216,188,48657644500,41505615800,87.03703703703704
2024-07,5-10 Years,748,636,129983028400,110672568500,85.02673796791443
2024-08,11-15 Years,656,552,126663008300,106673481600,84.14634146341463
2024-08,16-20 Years,526,455,110823264300,96619827200,86.50190114068441
2024-08,21-25 Years,212,191,51163168300,46618297800,90.09433962264151
2024-08,5-10 Years,766,647,136113134600,115702978700,84.46475195822454
2024-09,11-15 Years,601,514,115664035400,99557439500,85.52412645590682
2024-09,16-20 Years,492,425,104202264100,90598880000,86.3821138211382
2024-09,21-25 Years,214,179,50985172300,42174342400,83.64485981308411
2024-09,5-10 Years,730,615,128309579200,108591827500,84.24657534246576
2024-10,11-15 Years,622,536,120036152600,103389670400,86.17363344051448
2024-10,16-20 Years,533,461,111886161700,97106912300,86.49155722326454
2024-10,21-25 Years,219,191,51042072800,45082052700,87.21461187214612
2024-10,5-10 Years,749,641,133016431700,114500789900,85.5807743658211
2024-11,11-15 Years,629,516,121091249100,100406486600,82.0349761526232
2024-11,16-20 Years,530,461,110984449900,96387285100,86.9811320754717
2024-11,21-25 Years,225,196,50722235000,44086847100,87.1111111111111
2024-11,5-10 Years,686,587,119812684700,102611355000,85.56851311953353
2024-12,11-15 Years,653,553,122429557900,104431187900,84.68606431852986
2024-12,16-20 Years,537,482,113393547300,102061835600,89.75791433891993
2024-12,21-25 Years,212,180,48987075800,42001574300,84.90566037735849
2024-12,5-10 Years,735,614,131475214900,110779452800,83.53741496598639
2025-01,11-15 Years,626,541,118704091400,102632174100,86.4217252396166
2025-01,16-20 Years,523,462,110349897000,97293172100,88.33652007648183
2025-01,21-25 Years,214,183,48671881500,42439330100,85.51401869158879
2025-01,5-10 Years,802,682,145827434500,123896333000,85.03740648379052
2025-02,11-15 Years,513,433,100262173900,84705160800,84.40545808966861
2025-02,16-20 Years,489,436,100535478500,90189629600,89.16155419222905
2025-02,21-25 Years,196,174,43674244700,38602123700,88.77551020408163
2025-02,5-10 Years,671,581,118361363600,102765890200,86.58718330849479
2025-03,11-15 Years,646,547,122978488400,104290064900,84.6749226006192
2025-03,16-20 Years,516,452,109674652900,95661656600,87.59689922480621
2025-03,21-25 Years,210,180,49179045400,42634916800,85.71428571428571
2025-03,5-10 Years,745,644,130003481700,112725632300,86.44295302013423
